title,soldprice,spend time,bids,link
,,A lot of time,Don`t have bids,https://www.ebay.com/itm/01920391?epid=26039819083&_trkparms=ispr%3D1&hash=item3b542eae7a:g:FQkAAOSwK21gKvEZ&amdata=enc%3AAQAFAAACcBaobrjLl8XobRIiIML1V4Imu%252Fn%252BzU5L90Z278x5ickkrDx%252B2NLp21dg6hHbHAkGMYdiW1E6zjXxnQ0bf7c%252Fx%252Fvs5PW%252FYFw1ZdbGMi8wsGV6qXw8OFLl4Os1ACX3bnQxFkVpRib9hMb5gVyLha4q9L0xiporu5InbX0LrSgg7nCCCwtC7y3vOE3hc8PszsrXWLb5KFdj7%252BD98et12MdkEfMPFhJZuS%252BkFsp2esVTRCYctOhcwzPSdfzCOYprlr2miQc4czCv1Tcfs3LKUPJn8uQyRc%252BAnKY1oyTeYnJ7wYuGkBU%252FSVYjziLBaPhT%252FlVu0hR9ZX6OnAeRaJ1g0iCaDjrRXEXRwUO87riWeI8kExm1zzY7QicPeMnfWZdBvVhg05GOScPOlLTVPHakqGLX0y2GUXV6fkTLua3nSF5YBmLX%252FqdCxT6yS0dutVs5MPWvQYlN474hUzbubkZVAs7Y%252BBBEsHrGjVzCj0szZ6w1%252BHgkV5O9jrXGnyew5%252Bnxy7VCq5xEkUDIt1nSg996AeDksNmSNumhfsIOGltIXbqAbjqEUpPcVO%252BDPymxlh0iMxCZQalYnmljBRzKILYWkES0vfA14Gh5E7KWrztdC6WzEEFtgVuABakQ1eAOZnuEueqK6IakC%252BIfRbXv96Tv01IPDvwPeM8wMo6j8bMjY3D5KHS5EXPVdHKUnjCJiYCcVUqcKwhL6eN2MZ%252Bn9yxmWESUPN394NPrX%252FI2z7t0Bbo7iqmsWNQcyi0EHzDwJPMK%252FNSif8%252F2adRF7dT1JrbL9sryKSN2kv9OsdGQ0fMMC1LV3Ph43HivUJdqkgjGxqEqX5v1xQ%253D%253D%7Campid%3APL_CLK%7Cclp%3A2334524
Sony PlayStation 5 PS5 Console Disc Version *NEW* FREE OVERNIGHT SHIP TODAY!,$879.00,A lot of time,Don`t have bids,https://www.ebay.com/itm/333896636458?epid=19040936896&_trkparms=ispr%3D1&hash=item4dbdca582a:g:NJsAAOSwpsdgMelg&amdata=enc%3AAQAGAAACkPYe5NmHp%252B2JMhMi7yxGiTJkPrKr5t53CooMSQt2orsSprd4IgPv6LBzlteBBg9Pe55F06RsVErqVfgRuQbMag40861Pi%252B%252FTFpZTZuFPMMmYmqnqNAJDrkflquXaaIamhJwPvO9%252F5G%252FbgZ6n65J%252BJERgF8IB5r55nz739UdyA8KIUcbgIlqNUNtvehw7RM43WBJ6zczQSM7PM%252B0haFEnPpH%252FY0Lbe4c7BOsPJDoQ30a7YU92aQN2Cmh4uQnXe8v7ciGMVv8UMcimwyUGY9aQj4UX5G%252B8zXu4i3k%252FJMGEkxvFtlpck4nlPnvhBmboobUm%252FWI3D09Mu%252FhTXceCbli3AVA9Lh1dVKuIzbSp2CJRBQSPscqJ9znupQLp6kirExo0KPBoHkiARBICDgSMNJFoxAHxg9%252Bgyk4l8Sm0Xm3WliSQO6GNpcVO%252FURwfpgR9efSOiXnzygFoqjHIGPiG8jZmrB6XY1yFEw%252F6jvC4%252B4yw2WAbojhQvy1fX%252ByC8oWVUU8KSvlF9LW3573pbq20y9i%252BMVv54yFvs9n%252BgKts7bTRAedpTIoQV%252FDoZXCzDhkgVDRDtVS5hpoyqVZNRXTzxeadnqtQJ8cKBD7Hx7QZOj0%252FPgBlplqPE5GSxkBRh8WP%252BCUDTWBMo56Lp5ms20fhO4xlmW66%252Fot%252FspKV4S9p9YZnIIcIkxDkASUEySD5Nf9cHbjJPbARimhYZqnZXC0nJDZpCZfhIidNeAdG5TtMwm%252BnQ5bMcizlWSmed45KGfO2dEURgi7OB6QVCoFy8kdLvB2N3jG6BM9Bg0NWbQqej1tb1TF3gukfO17WyzLjLqPK%252Bh3DPWVKoKy9gN1nGMfy1Z8FOTUJVkGbbXcQdgwkMwrc0d5%7Cclp%3A2334524%7Ctkp%3ABFBM4ouYs85f
Sony Playstation 5 PS5 DIGITAL¬†EDITION | FREE SHIP | AU WARRANTY | BRAND NEW,$798.64,A lot of time,Don`t have bids,https://www.ebay.com/itm/334231584415?_trkparms=ispr%3D1&hash=item4dd1c13e9f:g:oTYAAOSwwPphU7~n&amdata=enc%3AAQAGAAACoPYe5NmHp%252B2JMhMi7yxGiTJkPrKr5t53CooMSQt2orsSprd4IgPv6LBzlteBBg9Pez69L7whbhq1c%252BVK7QbaCwkZ7lJjgt72g0TnSsSRsWyjvV%252FCC9ETIRfAs1QKmJU3nAayeVDwXyzjfLdZ5J%252BEgm0pC%252FMcOt8rhcaB%252FHrARV6WSkHwA3H0YcHB7%252BdDTEwI8VXB5bX8ZyDjkdaHdhNTsEJdhoyYveSPfIhd2IyLQsWzfk8%252BLXcQJ4%252BgcYql9Zjewjjk3fopOdOJ4UR2b4%252BJq7D6MwP3jP%252FUe32eONliFf1FgSci7%252B3iCOJJPxf4PUl6kRtgKwvQ0KtqIztrX1W7RKjfzn149Hxh%252FJdBWdTzjimSJhlv53uTrEOR5tIFILTwcvreyjV5XCNuvOHGsFVZIS33rnUurGGye9SuN6QRVOPQ3WXVGuV%252FCil1tbaqz9IPDp7jkPXXpTJt7vs009hZxzdCzLZpS7dELTa8u1FSazMohAJWFyKbAKbpAM7tGzFKtaQ5YyimAFpDqgs7UUTIe46Z6iLc7nkksfAIqTbwhJAPJrBnUUfex7F2nYKr8TrrZqzPb%252FZq5yvsxZImmgPqmyli6U5wNLCxaSh52gsKPUrIUOpWM15Vin4qqUk3KL48Oi3qgVS%252F%252FsW%252BJ%252FX7zXzvygh7%252FswVBWdEaKt84SQBYdlP76YGz2D7tJotoj5QFLLzzUhYdZ3pLkKX%252FV%252FbIpDyuMFdNNWE4jEVILK5aF1Rw1iyk2myGF4PWup5IzX%252BKAwZ43HJMK3V%252FyQ4yoSXRpiwnFXqmME11kYahGhEpN2qhPNiV92M%252FVbEJKPn7KyNVi75gWIR7HooOadLOYgTyDfYzGYZyT0Qhk3oDBWiwhlcY7gNLifDeeuZ2AIyi9ro5fZP2A%253D%253D%7Cclp%3A2334524%7Ctkp%3ABFBM4ouYs85f
New Sony PlayStation 5 Console Disk Version PS5 Blu-Ray Ships Next Day Fast Ship,$798.88,A lot of time,Don`t have bids,https://www.ebay.com/itm/255289229108?epid=19040936896&_trkparms=ispr%3D1&hash=item3b706c7f34:g:JqMAAOSwuQhgASlB&amdata=enc%3AAQAGAAACkPYe5NmHp%252B2JMhMi7yxGiTJkPrKr5t53CooMSQt2orsSg3Ye8yTWgOW7pmE1t838dpzhidWagbGx%252BACQ2j5A2hQyc4p3L71oB97nrTo8YIqrfXDomPb9eHjCfLadscr36p9Evz%252FRgSHWOjo90iA5mlFSea%252Fc7wEaoK7bXsJybix4T3DHbE9XZluQVClPSyXRDy%252BzLN%252FuvIx3mbI0X76xbOpDVB%252BZ6tLsUlTN6s8OEk6xBBp5iEFnwHRGoe7FIDo3He%252FQtxSQDAzWhzNvIan%252FKDan6ytkDU2wClT2y233YPF1cY0ZcrOD2p9KT6qyr9gAsS3%252B3Fa9HGJHaVjrINJlKYHq7N0fsDQycJKDZHox98juuqbvEdgOG2%252F%252BuUSlmQHgIyZ74yBH%252Fp2imdjLq4mjf5VRcm0XT0Bng3cAVj%252Fncl6kwrKt%252BnwFB74KCmg4DbsquKp37Ws0UA%252BdhK2myMPHp3GXvPacRSXdWnsMjC3h8GZYoU0pSk3AqFHzFqw9%252FeL2JvhFnhGLQGCqgh7n10EBpOCpCvGdKYzt74eMwTnLcHZc87NmcpySOWHcjMtQTdABYsO1f1XlMPM7vWPPctYaaV5caqQBsNaM1%252FE6MMFHkxl7TXBKsNsRXUkMsOQIgUx2sa%252BnHaDF3h6QEJbq9SSM%252BuMGiukG104QV05xeCRzerHxDHXmxxvSucjLTxsjr3yFwRHxLBccplUtL7IQaNZb0Uk33AOCpRKc%252FHQ8gUREJovhhdtJz%252BVW0ggq3cyx1frA4Hl%252Bt4kqy66rlfddZ6MJMa8elfRCUviUZ%252Fq5NAL%252BzDwDX4WaMQGC8%252FJw98QikFOCqDWokv5%252B3DS59coHdmIUTCcxtpQIBKQxgkaLJA%252FzMOSC%7Cclp%3A2334524%7Ctkp%3ABFBM4ouYs85f
Sony PS5 PlayStation 5 Blu-Ray Disc Game Console ‚úÖ NEW FAST SHIPPING! ‚úÖ,$768.88,A lot of time,Don`t have bids,https://www.ebay.com/itm/324767178858?epid=19040936896&_trkparms=ispr%3D1&hash=item4b9da1e06a:g:yB4AAOSwxNxg~skc&amdata=enc%3AAQAGAAACkPYe5NmHp%252B2JMhMi7yxGiTJkPrKr5t53CooMSQt2orsSvhAqMt0wg86xg8aAkgjQJJfC4NP4ugr3obfAz53myat%252BGcGIm1SmrV7SuFMhHr9X7VNxfQtFL8rSahBUzS0zkSrBENNMjUVhsS5cpHkLlhh%252FBY66jgeWxbYXAVra1lwM06t%252B4m6ef1nYhAkxVz1Rl5f8kR67snGp4QmHJfMFL49J5ZluVJgn09eR9MWqvvA%252FeOo1wI9A%252BMmfN9ifQbANNJrPGrbxanhFD6AJdwe1%252B1VBiQoM4%252FYXisZFpzcDwEW6zgPoi4vrFxZS7NfY2kYlaY2SrLMtBfj5OuJW3UD9qiWbqPqFT0WrG6xLk4TsFber8Nre66PrdMsQSVufCiBgbwwwKYEtKfecoB7BuhTVvqast6Q4kxOK3DOW2PFJtNFJi3ChdcKFyuBiRaVFYd2ioO3506vsPiplWh02EgKIGbZJOCnLJI97vl6DgGloxaec3Qq6vi6vp2E%252Bn8srsV8jbM%252BcVuWhsvSHNmw1eTZknIP9p5IQ3f5AuLqYNIkUKgLe%252FHjcswovLUnbfKFp0mqR9HUzVBBgz7xrjCrgu91WJEvPicbGlYcr8us6k%252F9%252FTvW60UpV71T%252FFPJbjcWUn9ILsmWWSkkI7DF4ymLquo4x6R2t9XTExv2aUJzHvUAiIj2zsUsl62skbdCbrIqW3g546eSAOuzZjdpqfiU6%252BhWDssEw%252BkFFDPsjftfczY48ODB4p8XFiY1dSw01kBrHnzKlLvvC3POBZlmIw6IXhBOi%252FpQBKxM%252Fe0wjSUKZw1HRqbzUcqF0CPwlqHlNU0brQXv66BQdByEQ7EUmOvWKpCBRo90qlfNJt4DfjAnm4XSDKdGQ%7Cclp%3A2334524%7Ctkp%3ABFBM4ouYs85f
Sony PS5 Blu-Ray Edition Console - White,$612.00,Time left10h 8m left,7 bids,https://www.ebay.com/itm/165280169252?epid=19040936896&hash=item267b773d24:g:~VEAAOSwJ2dhv-Gk
"New ListingSony PlayStation 5 PS5 Digital¬†Edition Console Brand New, In Hand, Ready To Ship",$699.99,A lot of time,Don`t have bids,https://www.ebay.com/itm/313839756056?epid=25040975636&hash=item49124ea318:g:BPIAAOSwnpFh54Aw
New ListingNEW Sony PS5 PlayStation 5 White Console Blu-Ray Disc Edition Version SEALED,$734.75,A lot of time,Don`t have bids,https://www.ebay.com/itm/154801153563?epid=19040936896&hash=item240ade261b:g:AbcAAOSwL1tfsooI
New ListingSony PS5 Blu-Ray Edition Console - White,$690.00,A lot of time,50 bids,https://www.ebay.com/itm/144376263156?epid=19040936896&hash=item219d7ef1f4:g:tfsAAOSwSQ9h4wB3
Sony PS5 PlayStation 5 Disc Console - Brand New ‚úÖ - FREE NEXT DAY DELIVERY üöö,$808.16,A lot of time,Don`t have bids,https://www.ebay.com/itm/154800028564?epid=24043006567&hash=item240accfb94:g:YAsAAOSwmvJh5-hQ
NEW Sony Playstation 5 PS5 Console Disc Version IN HAND - FREE SHIPPING,$794.99,A lot of time,Don`t have bids,https://www.ebay.com/itm/115124979596?epid=19040936896&hash=item1acdfbc78c:g:6fgAAOSwNGRhqjh-
Sony PS5 DISC EDITION NEW/OVP PS5 with invoice available now Playstation 5,$896.09,A lot of time,Don`t have bids,https://www.ebay.com/itm/115002594796?epid=5042237768&hash=item1ac6b055ec:g:V7wAAOSw9LBhm1Ni
Sony PS5 PlayStation 5 Console Disc |Brand New|üöÄFAST SHIPPING! Trusted Seller,$698.88,A lot of time,Don`t have bids,https://www.ebay.com/itm/174999834238?hash=item28becd8e7e:g:Dy0AAOSwpVxfz~JS
Sony PlayStation 5 | PS5 Disc Edition Console ‚úÖ BRAND NEW üöö,$774.19,A lot of time,Don`t have bids,https://www.ebay.com/itm/313837988654?hash=item491233ab2e:g:xrUAAOSwck9h4L9d
NEW Sony Playstation 5 PS5 Console Disc Version IN HAND - FREE SHIPPING üöö,$899.99,A lot of time,Don`t have bids,https://www.ebay.com/itm/203709058487?epid=19040936896&_trkparms=ispr%3D1&hash=item2f6e018db7:g:3Z0AAOSw0J5hmoXW&amdata=enc%3AAQAGAAACkPYe5NmHp%252B2JMhMi7yxGiTJkPrKr5t53CooMSQt2orsSjVt3vLKCbov98Z19qhuwY5sXovDSF48q1vCMFWsIRW0X9U70o7XQ320zqir%252BBCkuhqD1NpXez4iNtAVMTbZaJeagK4qo4M7PfZC0Y8nl%252FtzAnr378T0P7V%252BTW7VnJyKUCwrnehxyRvSzJqhFT8VU8XmOQOtqMuvTlO7JZI0hSYK9TUaXMdr%252FtuoYYZ8LA%252FE%252FihTDr7nQd8tTRmRZwmJBbAHTB0SmXJKtRhzsmelkNmB39hHqzACvwIxvBQt69ABCAs%252Fv%252F1SfJ8AhdhLJHDuc92cOoTppWsanhQqxB3H5SLZscGxj%252BQJhOdgD2YhlLVTaYi0zBOkPvIJfRNJosy54glH7S98C8uabwAhMIzeKSZuemrLoLq5CA2mKXRaKs%252FuHIy%252Bxg6NwEpa0zF60RJnZgx8CR%252B5f7eoGpMAuhjhYT46D%252F5AfMEmwyu13ceHZzVWYeg%252BoRqABlhbfXGcNVLEX%252F9taYgKbgiqdYgVv%252Bc7ruuka%252B%252FJKPisOBIDpmXRw022rN5%252BaXzoVrYT0qhZJf4QE1cDMkiO7fYVHZcll66tX5DKXj30PIrYeVsvQ8uFzyev4ExkG%252FrRSNRMSg6ncj6jdLz4n%252F%252F2yEQUpmZBJv0PRR%252BnnV19Qurby64oV3vI35HEMx8%252BFJjSfO6Y5mLxe9gFMU1M3M3qOGiawRhMcDlUPN1D%252B%252BoQfrJdHVR4LK9WbA9sTMcpF620EfbwM6OLMjU7rH0g1SSI6WbeOm1nQN%252BBP2qSTtwZb2rkin%252BW5w3MMaIMS5H2ZTsDDqwy5ktUp8hpdgdNU%252FJyWp0gGq7huX9zE7%252FRf2dh8DFHi6PBaT3SQiRIr%7Cclp%3A2334524%7Ctkp%3ABFBM4ouYs85f
PS5 Sony PlayStation 5 Console Digital Version!,$669.99,A lot of time,Don`t have bids,https://www.ebay.com/itm/203719817619?epid=25040975636&_trkparms=ispr%3D1&hash=item2f6ea5b993:g:bvQAAOSwIWZh4JY5&amdata=enc%3AAQAGAAACkPYe5NmHp%252B2JMhMi7yxGiTJkPrKr5t53CooMSQt2orsSjVt3vLKCbov98Z19qhuwY5%252BTv0fu8uwvH6J4A%252FyXB1sfWn3%252FGKVEvZy9KDEYrJ4IWgeFWP%252FdvzAc5vP6dMaPQvLcI2af9CIomCkqrF6AMxv5it6LwsuUG9v1P2rHLgsAcmRcbSm6x7DBmmx1Nvp2YKCz4WSlk0XK4iH8KTD6MSNOZBY0emwG8nSHb9f0V2PXg1UPceHPvSjjXFu5JRkHR2XF2rgtPZdw%252FkB%252Fqk0R6UVunzwvcdO8JhwviZ1sh%252FNQ%252Bbb58jtTtVE7iUlwOEsrTjSI3JKHtP1tHdKSmSYovJJcal8kVA9y2v6X832NBTh4RFk%252BOmsrWTQ8g3LwbwcseWTDyp3SPlRXEzomBE768bdAYSVLhI6esvrfIA64HtcOxQ8Qd78KOMypBqIc54K9i%252BJ2kzdqpEJ3P8paVanOb%252BjPDciCZ0y5nae%252BzngQvGxTE4HF%252FcpfkaRcbQe%252FzYXYbWCBtu%252B73mqV8Ifoxqh5hoqooHUawUrEeWqbSfKRpu6EZrt1W%252FUUPP2hoilvASs%252Bo9mqyLQ0h%252Fss5fMKj74jvhOh%252BYJavzU7bnTxlY0irDmTL9MrmF%252B2rak0fyXPZ%252FZ3yVLtwilu3vGYqXl%252FlN4oda5K%252FkT%252BB8AJoHnYYMj21swpirWiNIdtss2nCDisHIaag0I6eNnEQb3yb9PzIrDYwotrpVz2NyJ7S3VXhbRvq3gUc5juXlP0va9gG56sljWal%252F08v0q2f9rCkre%252BII1iZkyOwyNrX4a5KdmKuQVfxVVqm3BBFyW%252BbRQmhZ2n6fB0bBO6gU5%252BMUhsf5RoW%252FT%252FMX1eikVyDbEQ229HIjUhsrrF%7Cclp%3A2334524%7Ctkp%3ABFBM4ouYs85f
Sony PlayStation 5 (PS5) Disc Edition Console Brand New ‚úÖ Fast Next Day üöö,$801.35,A lot of time,Don`t have bids,https://www.ebay.com/itm/185259835065?_trkparms=ispr%3D1&hash=item2b2258beb9:g:iwQAAOSwd05h5TD6&amdata=enc%3AAQAGAAACoPYe5NmHp%252B2JMhMi7yxGiTJkPrKr5t53CooMSQt2orsS7UXID%252BRPOSNsnm8kYPghtBe39O21%252F1v1Sp5r82FTqBkyKWvSREjCUAygu%252FOEDbv5Kcv6BKlbmF%252BvWb5%252FLlZdhWyEj5F%252FiB%252FyCryL83w4GV3wgmVUvGnJjnkSODHmj9XCTEVzSNQb%252BUwGoUL6%252FbeR7k0JwhCEYZPFu1rSOGP5NVm1ErL0BJuOLtA2ni7CveaceycD00nNpWTjUyb7WPhoNXnuGK5PIGRCdamfflDnfP0bwILSaEYHlKq862tPStN6RXiD3LDCYg5E2qd5XnV8om48RonCQqsiVX3PpFFioJC%252B5gJo1fOCZIpgTdHcnhBUaTsrCX6qv2hEMuMe7ZLgYugOH4WFta5SaVsAUCgIKshVWGCa1DxmmY8U0S1H9J5xTQ8tMdbROFK0KknCdea4qDti7aglewzQR0Rc9lS1SHKKBVO%252BH%252BQONmUf6%252F6HHhBpNEhA50x0IrzfSa9CW8ODdFA0Q76ylD1O6wfCvug7lNGFJTe2U3UOhlGTDVlAVVtjA4rPFrduN%252Bx6XdooYntJR%252F3Au6yLEQ6ntSePxEbYpd%252BGbG8XhJ8NUuuuw8AuxnKGOXR2itc4k8d%252Bhqn15wGLPvee6%252F%252F3D1iCyXFvR1aFxvu5wwBfp9iDCgGE9pSGGbHauOVG6p6sztVNgSD8s0mRpCUIudy14g%252BoXpbRUCw4Q3JEJNHiUTibeZXt%252Fq8DMWA%252FlsmXI%252Fxq4JM6vu44Qz1Y2Dce2z%252FZ86IzSbBHbvSQOT81M%252ByDFGtc0nO1Eirq0D%252B8rvHQftiHR7wJBe6KzaV0bzXAmAEoLsSYcOzb34zVpublSvgjAgohK5P8Mbzf6JlvP8dNczWiaaiJWkLCwnmSSQ%253D%253D%7Cclp%3A2334524%7Ctkp%3ABFBM4ouYs85f
PlayStation 5 Disc Edition - PS5 - New and Sealed with Extra Controller,$745.68,A lot of time,1 bid,https://www.ebay.com/itm/284613436136?hash=item42444862e8:g:P-EAAOSwnLVhjr5Y
"Sony PS5 Disc Edition Console, brand new in box",$638.38,A lot of time,19 bids,https://www.ebay.com/itm/275120494796?epid=24043006567&hash=item400e7598cc:g:gIUAAOSwaQZh5dvi
Sony PS5 Blu-Ray Edition Console - White,$679.13,A lot of time,25 bids,https://www.ebay.com/itm/313836374470?epid=24043006567&hash=item49121b09c6:g:H4UAAOSwTV1h5HLp
New ListingSony PlayStation 5 Console Disc Edition PS5 - BRAND NEW IN HAND - FREE SHIPPING,$739.50,A lot of time,Don`t have bids,https://www.ebay.com/itm/334296660271?hash=item4dd5a2392f:g:3hkAAOSwAkdg0oaq
Sony ps5 Blu-ray Edition Console-White,$742.97,A lot of time,9 bids,https://www.ebay.com/itm/255338544163?epid=3041056443&hash=item3b735cfc23:g:wG4AAOSwxJhhH0~Z
Sony PS5 Disc Edition Console - Brand New - Next Day Dispatch - Fast Delivery,$786.43,A lot of time,Don`t have bids,https://www.ebay.com/itm/175110851339?hash=item28c56b8b0b:g:R7EAAOSw3x9h4rtS
NEW Sony PlayStation 5 PS5 Console Disc Version IN HAND üî•FREE SAME DAY SHIPPING,$749.99,A lot of time,Don`t have bids,https://www.ebay.com/itm/203783783509?epid=19040936896&hash=item2f7275c455:g:o3wAAOSwAslhp9qY
New ListingSony PlayStation 5 Console - PS5 - Disc Version - NEW - IN HAND READY TO SHIP,$625.00,Time left9h 41m left,48 bids,https://www.ebay.com/itm/313828024773?epid=19040936896&hash=item49119ba1c5:g:omgAAOSwuZFh25A3
Sony PlayStation (PS5) Disc Edition Console - Brand New with receipt,$747.04,A lot of time,Don`t have bids,https://www.ebay.com/itm/294738485309?epid=24043006567&hash=item449fc8603d:g:0GoAAOSwvGZh3z3Q
Sony PS5 Blu-Ray Edition Console - White,$624.80,A lot of time,30 bids,https://www.ebay.com/itm/363694444903?epid=24043006567&hash=item54ade0d167:g:KYQAAOSwRSVht8vS
Sony PS5 Blu-Ray Edition Console NEW IN HAND!!! SHIPS FAST,$510.00,A lot of time,2 bids,https://www.ebay.com/itm/185259367818?epid=19040936896&hash=item2b22519d8a:g:wG4AAOSwxJhhH0~Z
üéÆ Sony PlayStation PS5 Digital Edition Console ‚úÖ BRAND NEW ‚úÖNEXT DAY DELIVERYüöö,$679.11,A lot of time,Don`t have bids,https://www.ebay.com/itm/144371119507?hash=item219d307593:g:yBAAAOSwAVFh4LXJ
New Sony Playstation 5 Disc Version Console PS5 In Hand Super Fast Free Shipping,$798.88,A lot of time,Don`t have bids,https://www.ebay.com/itm/174503464184?_trkparms=ispr%3D1&hash=item28a1378cf8:g:drMAAOSwljRhsNKM&amdata=enc%3AAQAGAAACkPYe5NmHp%252B2JMhMi7yxGiTJkPrKr5t53CooMSQt2orsSDAeS9EQtjPGVfKXTxF0%252Bjn7WIbZGodGGNu0%252FsOTksJdKJrNndr0XeiZ5%252FRIR%252BLA70eIM90rP2RATZwD%252B3kVabaz3J3yo0COonC99vGdDFew94qUnfebv3rGUEQpqVDQAVusFo3lBhlNjupO%252FWo1%252BoGRLbQc0Fd%252BOteCl6sqYDo%252F6TvY842oHYGUWbKUnr8nq6Nx8Pnud3aSzbIBLULSQ89vG1Kh9dd1n4L6Ko8QSL6%252BDzV2EQ%252BGSdULxzQcdgICosLxG%252FB%252BRqI%252FcP5LFd8YD2dldMuj9ZhVu%252FsLRAaxh4mgBPn6zLQ9lyqb7A6%252B6H5EZI5b8%252BUpPA3xkGPV1DAxmdPWwFaTSGcke4es2cT7aB%252FOiFQpLBXKb6Wk%252FCnpEEPPAYHKxWPE9ZdMI%252FGiWa9LQS1hwOAaesJliPFEycAE9c%252BA%252FIcMJ9tCRDJ6%252BSSQQVTqDrQuCGqBT%252Fc1y0DxW7PVcGM5qgpIx6aToa6ve1Foj0abYAk7ZtvWqobKAlhGg5WWujVgEwpJEve6PkatzJGsGGFnsznpS35wmyx%252Bkim0lPr93MfL8CqyIxByaT2GDRvojGERGjljrU1BL830kGvV6yDIhzJO2Uo7pJGa%252Fg6uVoFPONLiBmGlKKN7073cGskkILeX3Srb8fUtDDu66KAVSHz8SsBuT%252Fsccdq4qAvNDTK%252FHk3pBCaE%252B%252Bqoem5Nkrsb3mo7talj1vpLzc%252BI4JLpkpskTFSugCe4yQYCT3Y0g%252F8W61KOp8o1snWJYnvEqN%252BR%252Fefl9%252B337pswIhPRrONwY9G2%252FIsuOCoz4gkVztIASuAeNzCbPCU5G7wd2XCGlhCXZ%7Cclp%3A2334524%7Ctkp%3ABFBM4ouYs85f
Sony 5 Playstation PS Disk Edition/Paypal/Emergency!/‚≠ê ‚≠ê ‚≠ê ‚≠ê ‚≠ê/DEALER,$906.31,A lot of time,Don`t have bids,https://www.ebay.com/itm/224703518597?epid=5042237768&_trkparms=ispr%3D1&hash=item34515f9785:g:wG4AAOSwxJhhH0~Z&amdata=enc%3AAQAGAAACoPYe5NmHp%252B2JMhMi7yxGiTJkPrKr5t53CooMSQt2orsSvtkx670Z0mbyfWqmxLFLYQmHsLDpmQx03P3Wnz%252B0LfpxxknSW27SGL3rQxuGtV4YHd2RpakTRpgt%252BBWgWJaKpHubVR7lMe5ILyCq6PztHRyCg1cWZvVxQQVtUiJc%252FkDgEzLukoTqxWFg%252FukCMTMaWFBIyYNG4MfZGoMCVdPufOG%252BHGTVaLrsr1B5aD7gh6X%252FGPH02ECBvafwXwqmFZ2CaJYJYwFzwGKCSCZARIJCqC6%252B%252FlVPw2gC6tj74XS45EhcBsq8npXXyLQ%252Bna%252FJbVMCx6il12EGMrCoVmotHz4jNUzFIKakB32IXR5YldKo5%252F54VxQpi6M99fZTnswf6m%252FvUw7CfxpGJXSzFwFIA5fKAp9E7j92t%252BFkJAn9E0%252FsD3rruubXexXslrMa4p5MZOp0mL5uayzfkvRc1PCQh%252Fs811WieazYo91htIFZ1o6CwrJJjhRjdXm87506txP2kItF3YJzBbnMlZvjeyGTqolYS9I3zQq%252Fk1ZxbwIgc5ppLRbWlLXBhR2GJ9TvxM2xhk8uxgUBB6lmP%252BVyu%252Bf8k1dAEYMjegLWloyvQmzlY60aMaerEUNed9sdD8cQgdC8dloNEmkbRsJ6TC4LntTKVzrefR7Td2Hq95tXnzhDmln1jCgHVXIBCQM6cmrkE4GxIGnaWTX26k3O4aM1MIQSFTtqT6rw5MJQBxXn%252BnW9G3zo%252BIDxOinNVL5v0VLru6cZFeYrZpXVmg0Gvznvd9P3hTPi5yFtvRpI4q%252Fi%252BjocEjl3GhRqgnJMd%252FUSJ3YLRVfXcSEVvHXk%252BRp4uxpOArUYoKdkvL4Heb5sMKVs7tJPhKImMfKwANrJpxbkSpW%252BI9qTTusjHg%253D%253D%7Cclp%3A2334524%7Ctkp%3ABFBM4ouYs85f
Sony PlayStation 5 PS5 Digital Edition ‚úÖ BRAND NEW ‚úÖ Next Day üööüí® TRUSTED üíØ,$713.07,A lot of time,Don`t have bids,https://www.ebay.com/itm/144375216608?epid=4040967831&_trkparms=ispr%3D1&hash=item219d6ef9e0:g:S7gAAOSw8VBhz6dA&amdata=enc%3AAQAGAAACoPYe5NmHp%252B2JMhMi7yxGiTJkPrKr5t53CooMSQt2orsS9d9gBrkNbRQtRn8MVXnYkgJPo9%252BYGwziAQ3vEhnLSQLBbz%252B61EOCpBeBoxQEjAoNT8Mg%252Fewtv70bAj4GxBIrd8T8YphGGeJ%252FXxU4uoB%252F%252FyDydUy9xD%252FhVzCq1cvhOH1sL9TV4ZVBxhQD4lAwtn%252Br4JO7nB1EPf1nIMYKIbOoREd6ds%252FaDZRZk5Q%252F3eIq5F8w20uzcVIRHHaeu81HfU04yYMgsejeioVbO4mwZJ693JEMNWiXqj3fsnGvyLqYR7SrzOsELcu6VZOGIDiY%252BmeBnV9SB7io%252B7Q%252BNBdSv%252FxRX11zjm9rZAVMM74sURCS9rznO50mFgP%252BndrI90UDw4G27UlJ1t3pJJYet3nd3qgdwhKAHt%252B1d31QX7eauNL9A1fhNz6CkQGlfEf%252FK4RzSa%252F3KUSbt6MY4ZXsL%252BH94rbRLj8pLptLCd%252F%252FJr46peVQln7JdqF2%252BU84KHHS8uxySEfLh3u%252Fy6SEF%252Bd8fE1iww8NZLvnjeqkzXTTAxsMOoxqu%252BgsmlUk0mkfUXdYyYIKe6tkf35JpVAVtpCHKWWbOWhwAcK%252FvcQ5JPyI9RTu0XVY0CB52sv4Mv42KqZrIe%252FFcvZdX68DEHrM8lZlevB1F1dqZVP3KNOHkf7KGOrS3Tjh%252BktkpxRYKZ0qA3d%252BpNlJHL9aebYnPyyo9zcXVkuILAPrwxFguvxZJ0VGAlIuUrKTxlpQVbDqq%252BzwlYyw%252B8VqV5cnp7ZTm2o28FddWIrQ3usDhMn1%252FVEURcYnlRwxL9SnL5h3vmQDPqf0oPciUBFaDkHfmtjGvG%252BPj4IDnFtMKRUdlkRiLslIbtv4uyYhn3Uv%252FQZQfsuFzRSlrs3CGUJHYFoWNg%253D%253D%7Cclp%3A2334524%7Ctkp%3ABFBM4ouYs85f
üî•PS5 Playstation 5 Console Disc Version üî• BRAND NEW -üöÄ FREE SHIPPING üöÄ,$729.98,A lot of time,Don`t have bids,https://www.ebay.com/itm/224511743629?epid=19040936896&_trkparms=ispr%3D1&hash=item3445f1568d:g:Z~EAAOSwbF9guU-r&amdata=enc%3AAQAGAAACkPYe5NmHp%252B2JMhMi7yxGiTJkPrKr5t53CooMSQt2orsSvtkx670Z0mbyfWqmxLFLYWI55816oxD%252FBJN62Y6ic6z3C%252B0XrmTbAkuI3SC2wXVz0XGUjzjPXlN%252FBQhD0ydfJJI22VHFBLRPLTXFTLv9M3R%252BIt1Cns5%252BPlRD6hHr%252Bo%252Fuc4b26rsayn4tA2Y7oyZquIFrRds9q3%252BZAuXbNjalfKLArK1ggyoDf9V00eeE8aAsEYnWr5BIVQy1kPBNi%252FFVLIZAWA48MUXZrCVPR0bZK9fj83R9cj5AIzrGnFJwsOZGWgCE1bdtmOJ9k1WX7K340WMoARcBItfySKYQKHcMhOxGVcUOGFfvax%252FYhdqcWgkzwb3EE%252FwVe%252BEo3tFN7VaSdHS0F%252BpOd7QiSjUS7GghBm62Toa20Neei%252F0mkh7uRZBUQX2aXuZ%252F2%252BJRTpGPM2C6aXRJgiSv3Z%252FfheJMk3AzAC7ktqjUTINCG6RP72Me29STaqo%252F9KNmjHeOYdSliEfpxbZNl%252BTmy0%252BcQZqkgaDOtuGNwRLUYzzKWzN1P6P7JwtfUAUVLm26VNuwho22pzPBFYRkpyJsZWvPtw%252FIOthSTdtb4BDRzCfpSiToX2o1JCQkj9H8ftpM1EaVf7MaJS%252FkDCwm924paKfuEf6c1QVSWO1vRGLo5NjzG7LedaXau7CAZRGWk%252Ffb0BwNgxqj8TaiOrpFBNmO16E%252BXGjoV2q4S3wRpQxFbQuXT2jPZrU0Ads1riHqTYNgWRZ9PPhbuARCq8%252FHXt6nNIP%252F0WYJY%252FHfKqp9miokGp2nCHF3kR1JOBCLd4Z60gYucGnxZG%252Fjgkw6FtPoNM93IhzupKvo%252FkiGe9upiYf4wacOgQl6RexSOgqb%7Cclp%3A2334524%7Ctkp%3ABFBM4ouYs85f
"New ListingSony PS5 Blu-Ray Edition Console - White, With Game, Excellent Condition",$500.00,A lot of time,0 bids,https://www.ebay.com/itm/224798054387?epid=19040936896&hash=item34570217f3:g:RhsAAOSwEM1h56CP
Sony PlayStation 5 Disc Edition | New & Sealed Console PS5 üéÆ | Free Shipping,$719.87,A lot of time,Don`t have bids,https://www.ebay.com/itm/265500275699?hash=item3dd10cb3f3:g:PIwAAOSwuVFhl9b6
Sony PS5 Digital Edition Console,$706.29,A lot of time,10 bids,https://www.ebay.com/itm/255338581969?epid=4040967831&hash=item3b735d8fd1:g:RcQAAOSwJ-Vhvxch
üéÆ Sony PlayStation 5 (PS5) Disc Edition Console ‚úÖ Brand New. Free P&P,$726.65,A lot of time,Don`t have bids,https://www.ebay.com/itm/175115271860?hash=item28c5aefeb4:g:S34AAOSwr1Vh5B~4
ps5 console disc edition brand new unopened +6 Games!,$679.13,A lot of time,14 bids,https://www.ebay.com/itm/144371958157?hash=item219d3d418d:g:o7AAAOSwnyZh4qAt
Sony PS5 Disc Edition Console Bundle With SpiderMan Miles Morales ‚úÖ,$780.98,A lot of time,Don`t have bids,https://www.ebay.com/itm/294734063670?hash=item449f84e836:g:JjgAAOSwxPBh5H3G
Sony Playstation 5 PS5 Disc Edition Console ‚úÖ BRAND NEW FACTORY SEALED!!,$747.02,A lot of time,Don`t have bids,https://www.ebay.com/itm/393879054344?hash=item5bb5056808:g:msQAAOSwSWdhrKgw
Sony PS5 Disc Edition Console - White - Brand New,$560.00,A lot of time,15 bids,https://www.ebay.com/itm/304313289401?epid=19040936896&hash=item46da7c4ab9:g:wG4AAOSwxJhhH0~Z
Sony PlayStation PS5 Blu-Ray Edition Console,$827.17,A lot of time,Don`t have bids,https://www.ebay.com/itm/275090817899?epid=24043006567&hash=item400cb0c36b:g:yPAAAOSwMYZh1YV6
New ListingSony ps5 Blu-ray Edition Console White New and Sealed with 2 Year Warranty,$907.43,A lot of time,Don`t have bids,https://www.ebay.com/itm/334297055953?hash=item4dd5a842d1:g:L2oAAOSw7Cdh2uln
Brand New Sony PS5 Blu-Ray Edition Console - White Unopened!,$680.00,A lot of time,Don`t have bids,https://www.ebay.com/itm/294643665985?epid=19040936896&hash=item449a218c41:g:nR4AAOSw10Nhxhk-
Sony PlayStation 5 PS5 - Digital Edition - Brand New Sealed,$421.06,Time left17h 29m left,8 bids,https://www.ebay.com/itm/234380731927?epid=4040967831&hash=item36922e2617:g:qGQAAOSwLslh5T8n
New ListingSony PS5 Digital Edition Games Console-White-Brand New,$776.98,A lot of time,Don`t have bids,https://www.ebay.com/itm/304319539532?epid=2311992825&hash=item46dadba94c:g:wpEAAOSw8bxhH0~c
Sony PS5 Digital Edition Console,$475.39,Time left21h 22m left,22 bids,https://www.ebay.com/itm/393879420667?hash=item5bb50afefb:g:VI8AAOSwoNVh40qE
Sony PS5 Disc Edition White Console PlayStation 5 Sealed New in hand ship ready,$530.00,A lot of time,0 bids,https://www.ebay.com/itm/175115134423?hash=item28c5ace5d7:g:R8IAAOSwHmNh4IsS
Ps5 digital edition,$612.52,A lot of time,2 bids,https://www.ebay.com/itm/194745738508?epid=21040985151&hash=item2d57c0250c:g:MuAAAOSwO~Jh00nn
Sony PS5 Blu-Ray Edition Console - New. Unit In Hand. Legit Seller,$520.00,A lot of time,32 bids,https://www.ebay.com/itm/324995921626?epid=19040936896&hash=item4bab4436da:g:Sm0AAOSwHRxhsu-b
Brand New Sony PS5 PlayStation 5 Disc Edition Console ‚úÖ NEXT DAY SHIPPING ‚úÖ,$760.61,A lot of time,Don`t have bids,https://www.ebay.com/itm/265505908771?epid=24043006567&hash=item3dd162a823:g:zU4AAOSweuZh5baR
New ListingSony PS5 Blu-Ray Edition Console - White *NEW*,$497.00,A lot of time,1 bid,https://www.ebay.com/itm/115204348466?epid=19040936896&hash=item1ad2b6da32:g:pXYAAOSwSpRh52Bt
PS5 PlayStation NEW SEALED w/ FIFA '22 game (FREE UPS SHIPPING),$604.00,Time left7h 48m left,4 bids,https://www.ebay.com/itm/175113897236?hash=item28c59a0514:g:0H8AAOSwL65h5LYy
"Sony PS5 Blu-Ray Edition  - Limited Edition Red Controller, Ratchet and Clank",$706.29,A lot of time,45 bids,https://www.ebay.com/itm/194745947764?epid=24043006567&hash=item2d57c35674:g:7xQAAOSwg1Vhq-ah
Sony PS5 Blu-Ray Edition Console - White,$599.99,A lot of time,1 bid,https://www.ebay.com/itm/133994053384?epid=19040936896&hash=item1f32aaff08:g:kVgAAOSwlJBh4Okm
Sony PS5 Digital Edition Console - White,$630.00,A lot of time,10 bids,https://www.ebay.com/itm/393869882785?epid=25040975636&hash=item5bb47975a1:g:vO0AAOSwaZph4JD0
PS5 PlayStation NEW SEALED w/ Ratchet & Clank game (FREE UPS SHIPPING),$605.00,Time left7h 54m left,2 bids,https://www.ebay.com/itm/175113911004?hash=item28c59a3adc:g:vnEAAOSwxahh5Let
Sony PS5 Blu-Ray Edition Console - White,$620.00,Time left8h 23m left,6 bids,https://www.ebay.com/itm/384675895408?epid=19040936896&hash=item5990785870:g:mdgAAOSw8mJh34Vi
NEW - PS5 Console (Disc) - SEALED - IN HAND - READY TO SHIP,$710.00,A lot of time,51 bids,https://www.ebay.com/itm/185260883674?epid=19040936896&hash=item2b2268beda:g:~a0AAOSwlJBh5jnw
üö®üö®Sony PS5 Blu-Ray Edition Console - Whiteüö®üö® brand new sealed in box,$640.00,Time left5h 50m left,10 bids,https://www.ebay.com/itm/334289234577?epid=19040936896&hash=item4dd530ea91:g:dyoAAOSwLtthTKNm
New ListingSEALED NEW Playstation (PS 5) Console Blu-ray Disc Edition (Ships Fast),$510.00,A lot of time,7 bids,https://www.ebay.com/itm/165290440246?hash=item267c13f636:g:OzYAAOSwLvRhrYQs
PS5 Sony PlayStation Disc Edition Console Version - üî• NEW SHIPS FAST üöö,$622.00,Time left19h 27m left,7 bids,https://www.ebay.com/itm/304314170037?epid=19040936896&hash=item46da89bab5:g:UJ8AAOSwnkhhBxgI
PS5 Sony PlayStation 5 Console Disc Version!  Super Clean!,$719.99,A lot of time,Don`t have bids,https://www.ebay.com/itm/324483721021?epid=19040936896&_trkparms=ispr%3D1&hash=item4b8cbca73d:g:3G8AAOSwNslhoSZW&amdata=enc%3AAQAGAAACkPYe5NmHp%252B2JMhMi7yxGiTJkPrKr5t53CooMSQt2orsSvhAqMt0wg86xg8aAkgjQJOVDULa5PhvBNp5AA5FBWiJsD46cH0STtMdnBwT8CbFjmaA8EguIRJOHcelamXpjw8ZMy3m8LHr5mndus%252BaMjk1VBbEcyS2DQvdhy782Z7SccUXzyY0xfHkBlwvKcTJ9P3s4TbaXLAPiO0ovxx90%252FpkGbWMvXO47rTOwSdX%252B2i1EBFdogwvzmXGOz1DwTAPb6b5oAw4qDWQsjlQhOea6XtPAhz%252FskdS%252FXd8EUaScE2SQ46Ns1VaBamYa4QzmX1XYngLQKIgPwfluRiB5rhDEgnIPbyEs88z0ye5azWbPXDUA30ZPNqNgpi9dl2%252F6XVKIKOgdfnprdK1ndZiCtRg4ZeNbF1AsvstuJLXpp07S345kc6n3MRQ0sP4g3JyDzlLEyHInyI5bQXVS%252FyL3fNHsRsd%252FV6WGOuuCi0Jjz2Z3%252BGJqQeNuAtvgLxJ5xStd07yhgRTV3EcGfdOkRVWGbUqqFhv4%252FHIqmyeumIdyfyBo6f48iku90xPtV8xx7u9UBVDlrlg0foEensbqnLs4%252BzQ2UhQ5gAeQOFI70djHUk%252F03FCtR5GngLGNUd%252FZI%252FC0fTQVavHwAsW9GJF7B%252FyPDxsS1ce0Ho4TLIMEN9OGTO52dIPHvcLo9E2%252Bv3HsY%252BQ2KjTyb5r0qI5hPP5u6rNXaqHbDtnSQVtwmSXL298Zm8Wl934du8IcaJp3nggjXDGkJfkkLd1zQLTUC6bJmLHsZd7zms1b5oz3vPbe0Vzv42iifhBspyR5GIXt3x83UmE1wHFZt2PqHCbAGFhpNbkSvR8WhcQ5OMDgEVOSNzByYFmqodQB%7Cclp%3A2334524%7Ctkp%3ABFBM5IuYs85f
PS5 Console Disc Edition Playstation 5 Disk same day post - Brand New Sealed,$774.20,A lot of time,Don`t have bids,https://www.ebay.com/itm/175115278896?epid=24043006567&_trkparms=ispr%3D1&hash=item28c5af1a30:g:x4gAAOSwSyZhpo7q&amdata=enc%3AAQAGAAACoPYe5NmHp%252B2JMhMi7yxGiTJkPrKr5t53CooMSQt2orsSDAeS9EQtjPGVfKXTxF0%252BjrITD0cKCwpLvUyWt4mfTBaHGLwU2AEtKHPxlgfoOHDoIxu0pH5XOXHF2wA5kOQMfZoarE2%252FeXBCzU4dSJ193eY1uNEKfILYb3FKi0Guq40R0zhjhIQ9uBKZXX5kPCb4OJFqPox3mv%252FUkdXFNuDQIcHK1ZxlU9uufydc426tUmQ5Grd0a45DeaVKz5drL7asfVxhv%252BtMwDdxHwtXyynSDsGGrLg4TBJtOkdYpoqe83hWHmP0DrMw5nu4MMVtrvRhmwNHMUT6ZF8R67YN8jmIJfEMSH%252BXM4ttPcBsbnPR6CxyguyrlfogJ36pYe24Xou9JqBxw%252BV8Sc6h%252F81V33Td373lZ%252FyKKuy3HorkzJS3fWHqfRHbdN2mFq20GkgL5SOUUnatXVfMttDMLrtDguTBryNh9ckAvDDOtJvxGUphqOPth3mJhvTUDIZDPncH4jMjgCwdpBNDrR2E1%252BaUFjD7j8b6K%252BaWkmiaasMoa4PNceJWU8GS%252BPls%252Bz7TKNxpe7XE1OZOvODsBfkJZYaNdm8mxQCPa%252BQTEiT6bVYJHnIIs%252BfzJ1aRMbX%252BVpBzfPpyVSK4Z80Uh8WwUKO0PVil8UBI12%252FpAyhdCEiX03ae2SUO33RHTkZ%252Fuk44Xb0Rx%252F71jEB8eS%252F0bPW0eHr4jOLJeS%252BaJD0sEb2UoSrs6A1iSlVgcSZ2caXydxBnv7qQiREQgcICdO8NsSB6RZTi7TXPOokQ7RBTMlsYT2pVafY4JweMghh4fdal7WtXjeAf%252BviHF9pGMobF%252Fns7e3YsTyHU40aROZ0Ih7%252FQ2x69s9iSMNQBmVWKRdeJShepkN3OgiPUO5LziA%253D%253D%7Cclp%3A2334524%7Ctkp%3ABFBM5IuYs85f
